open,high,low,close,volume,Date
12.98,13.0,12.01,12.5,346228,2020-01-02
12.38,12.57,12.11,12.37,197468,2020-01-03
12.33,12.57,11.8616,12.55,255738,2020-01-06
12.51,12.8635,12.46,12.8,171691,2020-01-07
12.8,13.0389,12.7,12.9,235060,2020-01-08
12.96,13.89,12.88,13.55,502182,2020-01-09
13.82,14.0,13.56,13.87,362170,2020-01-10
13.95,14.2,13.73,13.88,300658,2020-01-13
13.9,13.9,13.14,13.38,191201,2020-01-14
13.44,14.1999,13.44,14.05,286785,2020-01-15
14.15,14.52,13.75,14.31,431661,2020-01-16
14.37,14.37,13.5,13.7,207800,2020-01-17
13.7,13.96,13.65,13.85,156447,2020-01-21
13.9,14.2,13.85,13.94,223042,2020-01-22
13.91,13.96,13.7065,13.79,85790,2020-01-23
13.84,13.84,12.41,12.96,290018,2020-01-24
12.56,12.94,12.0,12.57,176817,2020-01-27
12.57,13.02,12.22,12.98,155398,2020-01-28
13.0,13.5,12.8274,13.31,185026,2020-01-29
13.18,13.59,12.85,13.51,189340,2020-01-30
13.57,13.7601,13.08,13.38,141569,2020-01-31
13.32,13.47,13.01,13.23,124841,2020-02-03
13.26,14.2,13.26,13.9,380631,2020-02-04
14.12,15.5,13.97,15.42,459088,2020-02-05
15.43,16.67,15.04,16.63,447000,2020-02-06
16.63,16.8784,16.17,16.4,276870,2020-02-07
16.51,16.96,16.27,16.84,191299,2020-02-10
16.96,17.64,16.8549,17.23,222837,2020-02-11
17.37,17.42,16.2069,16.75,226284,2020-02-12
16.75,17.0,16.56,16.77,113649,2020-02-13
16.83,18.25,16.51,18.17,286514,2020-02-14
18.38,19.9,18.28,19.75,399638,2020-02-18
20.0,20.6,19.02,19.67,365762,2020-02-19
19.33,20.02,18.26,18.28,388238,2020-02-20
18.41,19.33,18.1,19.0,187302,2020-02-21
17.99,18.72,16.84,16.86,297533,2020-02-24
17.08,18.2,16.95,17.45,247270,2020-02-25
17.55,17.96,17.01,17.12,180065,2020-02-26
17.0,17.0,15.7,15.92,331257,2020-02-27
15.2,15.9,14.2,14.84,458113,2020-02-28
16.23,17.7563,15.37,17.19,424908,2020-03-02
18.19,18.8964,16.2988,16.87,396141,2020-03-03
17.33,17.6748,16.71,17.48,176405,2020-03-04
17.18,18.38,17.1161,18.0,239452,2020-03-05
17.47,17.95,16.17,16.7,269894,2020-03-06
15.06,15.5599,14.6001,14.87,289573,2020-03-09
15.92,15.98,14.5501,15.25,267455,2020-03-10
14.5,14.5,9.89,10.06,1185683,2020-03-11
8.94,9.0,7.78,8.44,523687,2020-03-12
9.56,9.629,7.62,8.54,529501,2020-03-13
7.5,7.52,6.7,6.75,417907,2020-03-16
9.06,10.9,7.55,8.57,1146199,2020-03-17
8.06,8.99,7.7056,8.15,444784,2020-03-18
8.13,9.55,7.7,9.54,429526,2020-03-19
9.67,9.99,8.64,8.88,384763,2020-03-20
9.03,9.03,8.05,8.97,268200,2020-03-23
9.5,10.38,8.8,9.91,457676,2020-03-24
10.29,12.212,10.2447,11.44,447883,2020-03-25
11.59,13.83,11.59,13.23,539406,2020-03-26
12.57,12.8,11.5,11.94,295888,2020-03-27
11.9,11.98,10.91,11.7,226354,2020-03-30
11.7,11.9768,10.73,10.76,320166,2020-03-31
10.46,10.69,9.55,9.74,412221,2020-04-01
9.75,10.6143,9.75,10.03,274262,2020-04-02
9.93,10.04,9.0,9.54,257018,2020-04-03
10.1,10.22,8.36,8.89,478740,2020-04-06
9.0,9.49,8.9,9.44,391467,2020-04-07
9.62,10.55,9.22,10.31,295958,2020-04-08
10.53,10.89,10.15,10.55,243377,2020-04-09
10.55,12.42,10.27,12.23,264020,2020-04-13
12.7,12.94,12.46,12.67,238957,2020-04-14
12.3,12.65,11.52,12.55,227721,2020-04-15
12.85,15.22,12.66,15.08,510039,2020-04-16
16.44,16.49,14.87,15.96,505388,2020-04-17
15.9,15.9,15.0,15.24,408243,2020-04-20
15.0,15.53,13.9689,14.72,377447,2020-04-21
15.19,16.0,14.55,15.89,272392,2020-04-22
16.19,17.22,15.31,15.56,367293,2020-04-23
15.84,16.3,15.38,16.19,154127,2020-04-24
16.82,16.9799,16.42,16.55,227517,2020-04-27
16.79,16.98,15.06,16.15,255988,2020-04-28
16.65,18.18,16.15,17.29,1154082,2020-04-29
17.35,17.4481,16.8,16.97,282632,2020-04-30
16.68,16.8,15.62,15.96,284882,2020-05-01
16.05,16.83,15.85,16.48,292367,2020-05-04
16.91,17.0,12.36,12.61,1982874,2020-05-05
13.23,15.4,12.75,14.57,807160,2020-05-06
14.98,16.1265,14.65,15.68,448796,2020-05-07
16.21,16.63,16.2,16.58,372951,2020-05-08
16.64,16.98,16.47,16.76,433141,2020-05-11
16.88,17.25,15.4,15.53,415320,2020-05-12
15.4,16.03,14.4,15.3,281943,2020-05-13
15.15,15.15,13.4,14.98,363499,2020-05-14
14.9,16.41,14.814,16.39,210393,2020-05-15
19.52,20.3,16.9,17.17,871297,2020-05-18
17.17,17.52,16.6101,17.06,307272,2020-05-19
17.5,17.87,15.6201,15.69,361681,2020-05-20
15.75,15.95,14.95,15.55,284281,2020-05-21
15.53,15.6581,15.14,15.16,221054,2020-05-22
15.58,15.7098,15.0,15.48,262414,2020-05-26
15.38,16.12,14.26,15.82,337790,2020-05-27
16.24,17.24,15.98,16.06,804147,2020-05-28
16.7,18.0,16.2532,17.42,481273,2020-05-29
17.49,18.9,17.49,18.0,331065,2020-06-01
18.15,18.75,17.61,18.28,228028,2020-06-02
18.38,18.54,17.34,17.6,364221,2020-06-03
17.5,17.5,16.56,16.89,320724,2020-06-04
17.01,17.405,16.01,16.19,459265,2020-06-05
16.6687,16.9348,16.25,16.66,340350,2020-06-08
16.51,17.59,16.26,17.29,228419,2020-06-09
17.43,17.5037,16.2,16.61,250711,2020-06-10
16.2,16.21,15.06,15.2,333022,2020-06-11
15.67,16.17,15.33,15.93,178902,2020-06-12
15.61,16.5,15.52,16.5,223645,2020-06-15
16.58,16.79,15.94,16.5,460493,2020-06-16
19.3,19.4,16.21,16.33,1307572,2020-06-17
16.22,17.03,16.22,16.72,327809,2020-06-18
16.8,16.99,16.5601,16.8,462529,2020-06-19
16.85,17.2,16.55,17.19,723181,2020-06-22
17.44,17.99,17.29,17.5,643836,2020-06-23
17.1,17.15,15.8,16.16,555276,2020-06-24
16.07,16.8,16.0,16.62,365780,2020-06-25
16.42,16.7,15.94,16.19,1469964,2020-06-26
16.27,16.39,15.5114,15.725,374180,2020-06-29
15.65,16.14,15.3,16.0,506171,2020-06-30
15.99,16.05,15.36,15.89,287480,2020-07-01
16.0,16.31,15.77,16.21,688658,2020-07-02
16.6,18.45,16.5,18.33,637371,2020-07-06
18.35,18.81,17.64,18.4,519398,2020-07-07
18.46,19.49,18.3,18.87,478047,2020-07-08
19.58,20.048,19.03,19.57,477493,2020-07-09
19.5,20.04,18.47,18.92,410706,2020-07-10
19.19,21.63,19.115,19.73,885308,2020-07-13
19.74,20.521,19.35,20.0,479208,2020-07-14
20.47,20.9,20.03,20.56,454660,2020-07-15
20.42,20.99,19.9,20.17,317776,2020-07-16
20.31,20.647,18.95,19.03,402913,2020-07-17
19.1,19.32,18.8,18.99,285029,2020-07-20
19.92,20.035,19.13,19.31,356690,2020-07-21
19.21,20.0499,19.21,19.56,251747,2020-07-22
19.5,21.75,19.5,20.53,448790,2020-07-23
20.28,20.35,19.41,19.51,331422,2020-07-24
19.92,26.63,19.92,26.46,1472052,2020-07-27
27.29,27.3904,25.06,25.68,599439,2020-07-28
25.69,26.84,25.34,25.66,431773,2020-07-29
25.36,26.65,25.03,26.12,346702,2020-07-30
26.5,26.65,25.07,26.35,362398,2020-07-31
26.74,28.9,26.74,28.42,612074,2020-08-03
28.12,33.01,28.12,29.69,695179,2020-08-04
39.18,43.64,34.36,36.14,1796955,2020-08-05
38.24,38.5691,34.13,36.65,688059,2020-08-06
36.05,38.6999,35.39,35.84,495050,2020-08-07
37.3,43.81,36.9255,43.49,1005936,2020-08-10
42.53,43.32,38.3459,40.91,727076,2020-08-11
41.0,44.79,40.5,41.63,594121,2020-08-12
42.0,47.1962,42.0,46.18,953937,2020-08-13
46.61,47.8483,41.08,42.02,1215790,2020-08-14
43.02,44.4,40.53,43.49,996630,2020-08-17
43.64,44.72,42.0,44.19,705833,2020-08-18
44.34,45.31,43.19,44.01,567942,2020-08-19
45.38,52.47,44.33,50.51,1762233,2020-08-20
50.75,51.52,47.27,48.0,1109961,2020-08-21
49.4316,49.4316,43.52,45.64,962531,2020-08-24
45.4,47.45,45.0,45.93,561101,2020-08-25
45.75,45.75,42.74,44.8,838862,2020-08-26
39.9,39.9,30.7607,32.22,3112789,2020-08-27
32.31,32.745,29.515,30.25,1673313,2020-08-28
29.8,31.49,28.0002,29.56,1988753,2020-08-31
31.35,32.1765,28.15,28.92,1564673,2020-09-01
28.59,29.0,26.8,28.83,906817,2020-09-02
32.45,35.82,32.01,32.18,3697296,2020-09-03
31.12,31.8899,26.03,28.29,1693876,2020-09-04
27.22,28.18,26.6801,27.29,573696,2020-09-08
27.61,30.8,27.57,29.32,781291,2020-09-09
29.4,31.57,29.4,29.86,756610,2020-09-10
29.91,30.365,28.26,28.81,447957,2020-09-11
29.0,30.46,28.88,30.25,397873,2020-09-14
30.61,31.0946,30.009,30.29,513020,2020-09-15
30.28,34.0,29.95,32.35,824411,2020-09-16
31.4,31.99,30.38,31.72,392488,2020-09-17
32.22,34.39,31.76,34.39,771091,2020-09-18
33.37,37.84,33.37,37.59,1056890,2020-09-21
40.76,44.4028,39.3901,40.25,3418286,2020-09-22
39.6104,40.69,38.69,39.86,1140495,2020-09-23
38.79,41.67,38.58,39.52,3366957,2020-09-24
39.53,40.22,38.01,39.38,1183867,2020-09-25
40.0,41.24,37.62,38.94,663610,2020-09-28
39.04,42.58,39.0,41.81,1022671,2020-09-29
42.06,42.87,39.7,40.04,1205606,2020-09-30
40.35,40.9194,38.8438,40.62,553992,2020-10-01
39.41,40.81,39.25,39.97,564120,2020-10-02
40.59,47.16,40.55,46.98,1026379,2020-10-05
47.0,47.19,43.51,44.52,1073025,2020-10-06
45.0,46.0,43.85,44.98,584602,2020-10-07
45.9,46.4,44.19,44.87,616451,2020-10-08
44.68,44.68,43.62,44.0,653464,2020-10-09
45.3793,45.45,43.52,43.68,677625,2020-10-12
43.9,43.9807,41.15,41.92,675329,2020-10-13
42.0,42.55,37.66,38.17,1282844,2020-10-14
37.71,38.02,36.38,36.97,558593,2020-10-15
37.52,37.55,35.06,35.71,672915,2020-10-16
36.1,37.85,35.885,36.82,650730,2020-10-19
36.82,36.92,34.32,35.57,626444,2020-10-20
35.57,36.99,35.0,35.29,752160,2020-10-21
34.95,35.6,34.7,35.35,590678,2020-10-22
35.8,35.94,34.6,35.85,346869,2020-10-23
35.28,36.46,33.51,34.35,457863,2020-10-26
34.39,36.53,33.96,36.35,471654,2020-10-27
35.22,36.048,33.64,34.59,390692,2020-10-28
34.68,34.9243,33.76,34.19,315586,2020-10-29
34.02,34.4206,31.46,32.53,645364,2020-10-30
32.59,34.3,32.04,34.24,483557,2020-11-02
35.0,35.84,34.0,35.57,424869,2020-11-03
36.88,38.2,35.88,37.02,474291,2020-11-04
37.95,38.88,36.52,38.72,487935,2020-11-05
38.45,40.19,37.65,40.02,516767,2020-11-06
34.5,34.9835,30.05,31.01,2064000,2020-11-09
36.0,36.0,32.8308,33.22,1811182,2020-11-10
34.1845,34.25,32.0,32.75,1895826,2020-11-11
32.75,40.68,32.3161,38.45,2873519,2020-11-12
40.65,45.0,39.7,42.8,2269787,2020-11-13
43.0,48.85,43.0,46.05,2804727,2020-11-16
46.8,46.85,43.13,44.43,2255176,2020-11-17
44.54,45.34,43.13,43.42,1442037,2020-11-18
43.79,44.3164,41.05,41.66,1087387,2020-11-19
42.0,44.39,40.74,43.0,1883309,2020-11-20
44.25,46.72,41.77,43.6,2488749,2020-11-23
42.35,42.5,36.5,36.94,2990877,2020-11-24
38.15,38.8,35.19,36.51,1534061,2020-11-25
37.26,41.7,37.14,40.63,1488872,2020-11-27
42.35,45.0,40.5,44.92,2143321,2020-11-30
45.16,45.9,42.5,45.85,2228644,2020-12-01
45.37,47.49,44.3,47.08,1401326,2020-12-02
47.08,47.79,42.0,42.66,1762881,2020-12-03
43.26,44.84,42.67,43.55,916596,2020-12-04
44.83,46.1,43.611,45.63,1412365,2020-12-07
45.2133,49.89,44.01,48.57,2542130,2020-12-08
49.81,52.02,47.05,48.01,3116095,2020-12-09
47.42,54.14,46.2,51.08,2956839,2020-12-10
50.42,50.98,48.25,49.87,1347539,2020-12-11
50.8657,52.4529,44.48,44.77,1747668,2020-12-14
45.81,45.98,42.0,45.18,1508128,2020-12-15
45.27,45.45,42.96,43.38,1008991,2020-12-16
43.77,44.2,41.6,43.43,1306807,2020-12-17
43.5,45.55,42.47,44.36,1917731,2020-12-18
44.0,49.72,42.51,49.72,2001318,2020-12-21
50.89,51.69,47.3,49.79,1406613,2020-12-22
50.0,51.4099,46.8,46.94,1110142,2020-12-23
46.95,47.62,45.06,45.77,614237,2020-12-24
46.6,47.21,42.52,46.75,1902480,2020-12-28
48.8694,51.9895,46.84,50.795,2972952,2020-12-29
52.3389,52.55,49.01,50.73,3027969,2020-12-30
51.79,56.525,50.25,52.1,4312791,2020-12-31
54.28,60.0,53.02,59.3,4038840,2021-01-04
59.85,66.0,59.5,63.65,3522340,2021-01-05
64.29,68.8,62.8148,66.86,2080471,2021-01-06
67.91,73.15,67.91,70.84,2320587,2021-01-07
71.0,71.9,58.55,63.34,4492150,2021-01-08
60.59,65.75,59.8012,62.07,1428772,2021-01-11
62.07,70.7,62.05,69.89,2212082,2021-01-12
71.0,71.27,67.2595,69.84,1869978,2021-01-13
69.675,73.9,68.105,69.07,2167219,2021-01-14
68.5,72.8,66.01,70.72,2277423,2021-01-15
72.98,77.74,71.51,76.74,1888272,2021-01-19
77.5617,79.64,66.5377,69.48,3243558,2021-01-20
70.83,70.83,65.66,66.23,1656857,2021-01-21
66.42,69.47,65.99,69.24,1118374,2021-01-22
70.1,74.44,68.1735,70.0,1504661,2021-01-25
70.28,76.88,70.2,75.61,1664007,2021-01-26
72.5093,91.25,72.2,85.86,2576071,2021-01-27
86.8689,94.4,83.0,92.49,1562691,2021-01-28
95.01,110.75,95.0,110.49,2580527,2021-01-29
112.3,159.435,112.01,137.91,4889246,2021-02-01
142.5631,148.61,108.0,112.83,4175558,2021-02-02
119.4912,134.25,118.8125,126.66,1876971,2021-02-03
127.11,129.4014,114.39,119.2,1487873,2021-02-04
120.28,141.77,116.11,141.52,2400858,2021-02-05
151.0,167.91,143.0,161.97,2633729,2021-02-08
166.0,189.8899,165.01,183.85,1908586,2021-02-09
173.43,179.0,162.0,172.47,1821886,2021-02-10
172.71,185.5,170.25,170.98,1329872,2021-02-11
168.5,174.295,160.0,161.09,1395609,2021-02-12
161.8,168.49,140.7911,150.0,2382209,2021-02-16
143.45,147.2034,136.19,141.59,1348140,2021-02-17
136.38,139.255,125.42,137.09,1665082,2021-02-18
140.0,141.0,127.66,133.02,1318793,2021-02-19
129.26,132.75,104.02,105.42,2586246,2021-02-22
97.26,110.75,90.04,108.7,2746810,2021-02-23
111.07,116.47,104.32,110.38,1394861,2021-02-24
111.12,112.67,99.35,102.75,1137015,2021-02-25
101.28,106.2529,97.0901,101.26,1466855,2021-02-26
105.8,115.96,103.27,111.38,1606782,2021-03-01
113.9544,114.51,103.2157,103.74,1138494,2021-03-02
105.12,105.136,91.7501,92.79,1610057,2021-03-03
92.91,97.41,82.7,85.53,2528379,2021-03-04
110.88,112.0,81.065,92.34,7432102,2021-03-05
90.0,104.77,85.73,94.56,2578989,2021-03-08
101.46,112.9599,98.68,109.56,1764500,2021-03-09
114.75,117.99,94.0,97.2,2717795,2021-03-10
103.1723,105.889,99.0,102.29,1402467,2021-03-11
100.0,100.0,92.07,95.6,1923150,2021-03-12
97.99,105.579,97.88,104.27,1807646,2021-03-15
110.01,114.32,102.74,109.36,2565693,2021-03-16
104.0,122.93,103.11,120.59,2692909,2021-03-17
118.31,120.0,105.79,106.37,1991267,2021-03-18
108.7005,110.9,101.55,105.96,2773977,2021-03-19
107.0,111.84,103.04,109.78,958005,2021-03-22
110.0,112.0,104.4,108.55,1174554,2021-03-23
108.48,114.26,99.25,100.22,1503877,2021-03-24
97.11,105.87,93.235,104.1,1372156,2021-03-25
103.95,105.7186,90.5001,95.23,1525263,2021-03-26
94.77,100.51,93.0,98.21,1225164,2021-03-29
97.54,98.0,89.33,92.34,2366029,2021-03-30
94.1,99.09,92.5,96.62,1357460,2021-03-31
98.76,102.2,97.26,100.45,804126,2021-04-01
102.0,102.96,94.38,96.6,926392,2021-04-05
95.51,98.0,92.82,93.07,1002891,2021-04-06
92.0,92.1399,84.189,85.6,2116294,2021-04-07
87.37,87.7,82.79,85.24,1582847,2021-04-08
84.592,86.67,82.4127,85.41,724543,2021-04-09
85.41,86.85,82.03,82.3,848915,2021-04-12
83.5,90.6029,83.0,87.75,1535813,2021-04-13
88.49,92.6168,87.87,88.95,972242,2021-04-14
88.25,90.71,85.65,90.42,850232,2021-04-15
90.5,90.72,86.4999,90.5,708674,2021-04-16
89.51,89.8599,83.6,85.62,919927,2021-04-19
85.5,87.88,80.71,82.91,837591,2021-04-20
82.0,87.84,80.8,87.65,567648,2021-04-21
87.86,90.65,85.51,86.78,690916,2021-04-22
85.05,85.8799,81.75,84.78,885374,2021-04-23
84.71,88.5,82.31,87.7,798975,2021-04-26
86.51,92.03,86.3,87.19,891436,2021-04-27
85.9,88.425,83.27,87.64,689630,2021-04-28
86.56,87.2767,78.579,79.59,1545890,2021-04-29
78.38,79.61,76.62,77.02,957022,2021-04-30
77.51,80.05,75.1001,76.48,1251463,2021-05-03
74.75,75.0,70.65,74.14,1345848,2021-05-04
75.0,75.945,71.25,71.85,969469,2021-05-05
71.15,73.27,68.0,73.01,2158387,2021-05-06
73.72,77.4,73.19,74.64,2502713,2021-05-07
73.31,73.31,67.6,68.47,1310785,2021-05-10
62.83,70.59,62.5,70.02,1163879,2021-05-11
69.23,71.4022,66.5401,66.8,715920,2021-05-12
67.34,69.34,65.11,67.45,961597,2021-05-13
68.67,71.1965,68.51,70.34,706166,2021-05-14
69.44,71.85,69.0,71.1,555967,2021-05-17
70.97,74.2434,69.2546,72.52,794166,2021-05-18
71.11,72.8076,70.25,72.13,410489,2021-05-19
72.45,74.87,72.3301,73.64,417908,2021-05-20
74.68,75.14,71.55,71.9,487153,2021-05-21
72.03,73.165,70.59,71.0,414854,2021-05-24
71.33,74.39,71.33,72.03,497211,2021-05-25
72.0,75.97,72.0,75.32,494471,2021-05-26
75.68,77.2352,74.46,76.89,661403,2021-05-27
76.19,76.93,72.94,74.07,759786,2021-05-28
74.67,74.69,68.865,69.24,1025153,2021-06-01
69.3,75.22,68.4,74.92,1001894,2021-06-02
74.71,76.32,70.6001,71.27,679873,2021-06-03
71.33,76.08,71.32,73.75,699025,2021-06-04
73.75,82.3854,72.44,80.62,896146,2021-06-07
81.0,84.69,79.6103,83.92,916864,2021-06-08
84.51,86.45,82.43,84.0,591902,2021-06-09
83.98,83.99,80.5,80.68,450548,2021-06-10
81.0,82.78,72.8,73.95,1447328,2021-06-11
74.28,75.6,73.8,74.59,639995,2021-06-14
74.29,74.455,72.0539,72.32,613651,2021-06-15
72.53,75.15,72.51,74.82,466649,2021-06-16
74.42,77.373,73.5468,75.69,577220,2021-06-17
74.8822,80.46,74.8822,77.42,969473,2021-06-18
77.52,80.49,75.22,78.77,503963,2021-06-21
78.6,80.3,77.5827,80.01,422043,2021-06-22
80.01,84.2,80.01,82.56,765826,2021-06-23
83.04,84.2,82.305,83.53,504076,2021-06-24
84.0,84.75,81.0,82.14,1758888,2021-06-25
82.8,91.65,82.8,91.01,1334650,2021-06-28
90.37,98.0,90.28,95.68,1204301,2021-06-29
95.06,95.47,88.69,92.23,1145741,2021-06-30
92.36,93.36,86.12,87.44,818596,2021-07-01
86.68,88.45,85.0101,87.17,421130,2021-07-02
87.15,91.769,87.15,90.53,718088,2021-07-06
90.0,91.355,84.0747,86.05,722460,2021-07-07
83.72,86.9499,81.81,85.94,600025,2021-07-08
86.5,87.9,84.53,87.77,319336,2021-07-09
89.04,92.4899,85.6875,87.58,498381,2021-07-12
87.29,87.59,82.675,82.92,633165,2021-07-13
83.59,83.59,74.77,74.87,1026823,2021-07-14
74.87,76.84,73.0,76.63,768697,2021-07-15
76.76,79.9492,76.05,76.31,516608,2021-07-16
74.67,86.32,73.8,83.78,1206295,2021-07-19
85.04,85.46,78.36,81.77,821350,2021-07-20
80.93,84.6,78.6,84.14,554310,2021-07-21
84.64,86.41,82.95,86.0,439195,2021-07-22
86.01,90.0,85.08,89.5,746227,2021-07-23
89.34,93.2999,89.34,92.04,943234,2021-07-26
91.19,93.239,87.97,92.69,749113,2021-07-27
91.89,96.85,91.02,95.23,742813,2021-07-28
95.14,95.687,90.08,91.92,609724,2021-07-29
90.7,92.2933,88.515,92.25,464541,2021-07-30
92.9,93.93,89.0807,92.76,362276,2021-08-02
91.96,104.75,90.55,100.46,1337038,2021-08-03
99.51,111.0,99.001,110.51,1342573,2021-08-04
108.43,111.9799,105.2796,110.87,884930,2021-08-05
109.09,110.0,100.55,105.76,802919,2021-08-06
105.99,112.0,105.95,109.76,1109966,2021-08-09
95.0,100.2999,88.03,97.34,2035906,2021-08-10
97.2,97.2,92.69,95.15,721022,2021-08-11
94.62,101.6,94.62,99.1,634411,2021-08-12
99.49,100.81,93.45,94.21,503426,2021-08-13
93.38,96.56,90.5796,96.03,579405,2021-08-16
95.25,98.39,90.72,92.6,643404,2021-08-17
93.42,93.43,87.13,87.37,577896,2021-08-18
86.55,89.9,84.11,87.54,594003,2021-08-19
88.0,91.5,87.26,90.86,306019,2021-08-20
91.52,94.93,91.44,94.38,347906,2021-08-23
94.26,94.51,90.0404,93.54,459951,2021-08-24
91.8,96.2,91.11,95.38,407474,2021-08-25
95.5,99.29,95.47,95.7,510844,2021-08-26
95.15,96.0,92.095,93.06,595116,2021-08-27
92.41,92.7,89.5,91.36,582063,2021-08-30
91.08,92.75,90.95,91.24,447207,2021-08-31
91.0,94.8,89.7,92.36,508946,2021-09-01
91.74,95.8702,91.23,94.12,403266,2021-09-02
93.85,95.88,93.22,94.0,383060,2021-09-03
93.12,95.625,89.07,89.99,562779,2021-09-07
90.0,90.23,87.76,89.72,393832,2021-09-08
89.84,91.66,89.76,90.88,629476,2021-09-09
92.0,98.115,90.88,93.69,654757,2021-09-10
93.69,93.75,85.8,87.47,793697,2021-09-13
88.25,89.9,85.11,86.5,439019,2021-09-14
86.83,87.91,85.44,86.76,371390,2021-09-15
87.01,87.46,84.4101,86.09,358172,2021-09-16
87.12,91.95,85.63,91.71,832119,2021-09-17
87.94,90.56,87.08,88.87,406706,2021-09-20
89.61,90.43,87.1101,89.69,308896,2021-09-21
90.2,92.2799,89.4865,90.21,231410,2021-09-22
90.31,91.99,87.19,87.36,402840,2021-09-23
87.06,87.078,82.79,85.24,484611,2021-09-24
85.26,87.84,84.2517,87.57,353494,2021-09-27
87.04,88.71,83.775,87.25,461653,2021-09-28
88.58,94.41,88.44,89.94,610037,2021-09-29
90.95,93.96,89.89,89.95,279695,2021-09-30
88.7,88.7,82.4401,84.33,737057,2021-10-01
83.3,83.7,76.085,77.39,885620,2021-10-04
79.505,80.16,77.18,79.66,436450,2021-10-05
78.89,79.83,77.38,77.72,241399,2021-10-06
79.3,83.0,78.51,81.1,311999,2021-10-07
82.0,83.54,81.18,82.72,298887,2021-10-08
82.0,85.8608,81.25,83.82,245121,2021-10-11
84.83,86.025,81.27,82.1,431501,2021-10-12
82.68,83.3,80.98,83.18,274211,2021-10-13
85.0,85.46,78.25,78.67,803293,2021-10-14
79.58,80.075,75.66,78.02,680274,2021-10-15
77.39,81.32,77.38,80.61,340341,2021-10-18
81.29,84.08,81.08,83.1,366665,2021-10-19
82.98,87.67,82.0201,85.1,381711,2021-10-20
85.72,85.94,82.3,84.82,242303,2021-10-21
84.35,85.1228,82.7,84.06,165818,2021-10-22
83.8,84.97,82.4724,84.26,158114,2021-10-25
83.72,84.4494,81.63,83.03,242159,2021-10-26
84.08,85.37,82.52,82.81,203578,2021-10-27
83.73,86.0,83.3,84.59,300157,2021-10-28
84.19,85.61,82.65,82.92,225291,2021-10-29
83.26,86.93,82.9,86.79,343368,2021-11-01
86.38,87.4498,85.0648,86.0,195773,2021-11-02
85.84,89.0,82.5001,88.12,347896,2021-11-03
87.37,88.25,85.03,85.49,314273,2021-11-04
82.5,82.5,75.6842,77.3,955972,2021-11-05
77.67,81.14,77.01,80.35,461679,2021-11-08
81.0,82.95,78.23,78.62,529691,2021-11-09
82.0,84.0,78.63,79.47,819870,2021-11-10
81.36,85.75,80.67,85.43,523859,2021-11-11
86.08,89.0,85.8758,88.82,400960,2021-11-12
89.26,94.45,89.26,93.44,612931,2021-11-15
93.1,96.71,90.44,94.12,475577,2021-11-16
94.49,101.31,94.0,98.32,712400,2021-11-17
98.32,99.4256,92.86,93.56,439987,2021-11-18
93.55,97.48,93.29,93.98,322788,2021-11-19
92.75,93.0,89.0001,91.75,417895,2021-11-22
90.86,92.35,84.1,86.6,518064,2021-11-23
86.33,89.61,84.34,89.4,317860,2021-11-24
93.65,103.18,93.21,97.58,961635,2021-11-26
99.71,99.71,94.61,97.01,566842,2021-11-29
99.4,100.33,91.47,93.52,720769,2021-11-30
92.78,92.78,83.9007,83.91,913130,2021-12-01
84.0,86.8328,82.01,83.55,434978,2021-12-02
84.5033,85.45,78.92,81.8,509213,2021-12-03
81.0,82.83,79.7723,81.94,450397,2021-12-06
84.31,87.27,84.31,85.15,336984,2021-12-07
86.34,86.54,83.33,85.68,411544,2021-12-08
86.0,86.7499,83.35,83.79,398886,2021-12-09
83.1,85.58,81.73,83.12,485684,2021-12-10
83.03,87.53,83.03,86.95,426587,2021-12-13
85.46,86.69,83.56,84.92,409353,2021-12-14
84.91,89.98,82.99,89.82,392120,2021-12-15
90.0,94.24,88.5116,91.29,428519,2021-12-16
91.74,101.38,91.401,100.77,985527,2021-12-17
103.5,109.55,101.63,105.0,1047596,2021-12-20
105.37,107.25,99.5001,102.5,647518,2021-12-21
103.42,104.605,101.45,104.16,307076,2021-12-22
103.91,104.0,98.82,100.21,469512,2021-12-23
101.22,107.43,100.98,103.14,456507,2021-12-27
103.395,103.8268,97.08,97.28,380243,2021-12-28
97.58,99.2299,96.1126,98.11,265083,2021-12-29
98.04,103.18,98.0001,101.64,345241,2021-12-30
101.3,103.11,100.31,100.59,222089,2021-12-31
100.68,101.98,94.64,96.11,489933,2022-01-03
95.36,96.2592,83.65,86.35,1285954,2022-01-04
86.73,86.99,80.0,81.01,788366,2022-01-05
80.02,81.79,76.24,80.13,707462,2022-01-06
80.39,82.64,79.6,81.25,494868,2022-01-07
81.0,85.4799,79.5449,84.95,499483,2022-01-10
83.82,85.5345,82.5,83.15,329907,2022-01-11
83.02,83.17,80.64,81.85,391268,2022-01-12
82.18,82.99,80.5,81.34,353426,2022-01-13
81.0,81.9,77.67,79.96,524637,2022-01-14
77.64,78.48,72.16,73.06,725213,2022-01-18
74.0,74.428,68.78,69.24,584921,2022-01-19
69.96,71.83,66.19,66.81,500126,2022-01-20
64.76,65.555,60.5901,60.7,818982,2022-01-21
58.23,60.955,53.97,60.72,988836,2022-01-24
60.1,64.936,59.98,63.5,736699,2022-01-25
66.0,67.56,61.5,61.99,534554,2022-01-26
62.61,63.53,59.68,60.5,474699,2022-01-27
60.27,62.83,59.12,62.64,330020,2022-01-28
63.68,66.95,61.67,63.87,967299,2022-01-31
64.02,66.23,61.32,65.34,525837,2022-02-01
65.92,65.96,62.6148,64.97,432452,2022-02-02
64.18,65.49,62.87,63.15,296306,2022-02-03
63.82,66.24,63.16,65.48,333718,2022-02-04
65.34,67.0,64.675,66.22,324900,2022-02-07
65.74,68.24,64.5,67.72,370081,2022-02-08
68.48,71.56,68.325,71.4,354622,2022-02-09
69.61,73.47,69.0,71.5,404440,2022-02-10
70.98,73.4,69.76,70.28,300207,2022-02-11
70.28,70.77,68.2,68.78,437084,2022-02-14
69.96,70.23,65.77,66.49,551380,2022-02-15
66.07,66.839,64.8,65.84,343261,2022-02-16
65.85,66.275,62.6193,63.04,415172,2022-02-17
63.26,64.8,61.98,63.85,378317,2022-02-18
62.97,64.0,61.8,62.26,430160,2022-02-22
63.39,63.99,60.13,60.13,711625,2022-02-23
54.38,61.43,51.0,61.43,1083962,2022-02-24
61.22,63.3262,59.6659,62.31,352501,2022-02-25
61.6,64.05,61.28,62.3,341503,2022-02-28
62.74,64.42,60.33,60.94,380675,2022-03-01
61.25,61.43,57.71,58.89,427072,2022-03-02
58.9,59.0,55.835,56.11,398046,2022-03-03
55.13,56.699,53.31,53.84,464646,2022-03-04
53.84,54.729,49.5,49.85,644140,2022-03-07
51.3,56.6199,51.0,54.65,1019527,2022-03-08
55.97,58.9457,55.48,57.05,556975,2022-03-09
55.53,56.89,54.66,55.89,266602,2022-03-10
56.29,56.93,54.19,54.2,272602,2022-03-11
54.0,59.15,53.21,54.17,606383,2022-03-14
54.03,56.29,53.23,56.25,468480,2022-03-15
56.9,60.21,56.8,59.67,437024,2022-03-16
58.72,62.28,58.63,61.81,377407,2022-03-17
62.27,65.17,62.27,64.71,636858,2022-03-18
64.02,64.9,61.956,62.9,341661,2022-03-21
63.0,64.12,62.38,63.1,338386,2022-03-22
62.19,63.03,60.866,61.39,469074,2022-03-23
61.7,63.35,60.445,62.45,295184,2022-03-24
62.32,62.45,60.1,60.97,202339,2022-03-25
61.3,62.4942,60.01,61.5,170854,2022-03-28
62.57,65.32,62.32,65.04,334702,2022-03-29
64.68,65.2157,61.74,62.61,270914,2022-03-30
62.89,64.3373,61.455,62.41,271863,2022-03-31
62.65,64.1399,61.655,62.53,250812,2022-04-01
62.83,63.89,62.0,62.75,222810,2022-04-04
62.33,63.0,61.0,61.19,242602,2022-04-05
60.0,60.27,57.09,58.88,378995,2022-04-06
58.56,60.769,58.27,60.19,306958,2022-04-07
60.0,60.51,58.28,58.36,212297,2022-04-08
57.57,58.78,55.735,57.4,449677,2022-04-11
58.33,59.54,57.15,58.01,353957,2022-04-12
57.73,59.18,57.32,58.45,246002,2022-04-13
58.45,59.33,56.09,56.13,204020,2022-04-14
55.94,56.17,54.4201,55.26,423823,2022-04-18
57.33,59.88,56.5,59.14,669101,2022-04-19
59.56,60.805,58.51,59.66,404576,2022-04-20
60.51,60.78,56.685,57.17,322607,2022-04-21
57.79,58.22,55.37,56.44,334100,2022-04-22
55.42,58.5,55.42,57.87,268982,2022-04-25
57.19,57.56,54.89,54.99,269962,2022-04-26
54.94,57.0,54.85,55.1,292526,2022-04-27
55.83,56.77,53.79,56.37,285199,2022-04-28
56.05,57.98,54.73,54.88,295502,2022-04-29
54.46,56.78,54.2,56.24,254313,2022-05-02
56.32,57.905,55.65,56.69,435015,2022-05-03
56.45,58.8354,53.0,58.73,683213,2022-05-04
57.36,57.44,53.0096,54.4,418561,2022-05-05
53.75,55.58,52.49,53.94,398251,2022-05-06
52.38,52.835,50.325,50.65,615607,2022-05-09
51.33,53.11,49.8,52.36,431774,2022-05-10
51.25,53.01,48.25,48.68,459512,2022-05-11
48.0,51.66,47.65,51.6,390311,2022-05-12
52.39,54.47,51.73,54.45,347202,2022-05-13
54.31,54.8465,53.03,53.63,336457,2022-05-16
55.0,56.76,54.1,56.71,342684,2022-05-17
55.38,57.9,54.62,55.49,382255,2022-05-18
55.41,59.75,55.41,57.61,627149,2022-05-19
58.04,58.44,54.84,56.08,676005,2022-05-20
56.15,56.76,54.95,56.45,347243,2022-05-23
55.47,55.7099,52.83,53.87,310066,2022-05-24
53.77,54.98,53.205,54.39,275177,2022-05-25
54.52,56.7901,54.2,55.9,474474,2022-05-26
56.28,58.82,55.9,57.98,442706,2022-05-27
57.79,57.79,53.795,54.51,483200,2022-05-31
54.69,55.68,52.99,53.74,357862,2022-06-01
53.75,55.44,53.12,55.32,365777,2022-06-02
53.95,54.49,52.03,52.25,222145,2022-06-03
53.0,53.62,51.71,52.27,319616,2022-06-06
51.02,52.92,51.02,52.74,832427,2022-06-07
52.97,54.55,52.23,52.55,238796,2022-06-08
52.14,52.14,50.28,50.95,319370,2022-06-09
49.93,50.4,48.7,49.92,284666,2022-06-10
48.01,49.33,47.34,48.11,362563,2022-06-13
48.14,49.06,47.49,47.98,328553,2022-06-14
48.35,50.65,48.2012,49.81,283664,2022-06-15
48.42,49.3,47.965,48.55,324008,2022-06-16
49.0,50.95,48.95,49.93,501382,2022-06-17
50.68,51.35,49.68,49.73,205969,2022-06-21
49.19,51.36,49.09,50.69,213296,2022-06-22
51.16,54.96,50.98,54.72,366482,2022-06-23
54.97,56.88,54.19,56.79,745521,2022-06-24
57.27,57.49,55.7201,56.19,279391,2022-06-27
56.47,56.71,54.753,54.84,171509,2022-06-28
54.98,55.56,54.075,54.65,230476,2022-06-29
54.31,55.28,52.77,54.53,245891,2022-06-30
54.44,55.84,54.19,55.52,173868,2022-07-01
54.52,57.87,54.52,57.65,270640,2022-07-05
57.36,58.57,56.0,57.28,246783,2022-07-06
57.43,59.1,57.43,58.64,276083,2022-07-07
58.0,59.79,58.0,58.87,191542,2022-07-08
58.55,58.87,56.27,56.4,153500,2022-07-11
56.68,58.13,55.8322,57.62,170669,2022-07-12
56.35,58.42,56.15,58.08,200359,2022-07-13
57.41,58.38,56.71,58.31,168654,2022-07-14
59.11,59.39,56.865,58.39,266549,2022-07-15
59.0,59.5,57.09,57.16,214542,2022-07-18
58.04,59.405,57.3704,59.08,216989,2022-07-19
58.99,61.19,58.655,60.75,259710,2022-07-20
61.05,62.59,60.09,60.3,462605,2022-07-21
60.2,60.32,58.15,58.86,357879,2022-07-22
58.95,58.95,57.02,58.0,228759,2022-07-25
57.65,58.61,56.84,57.7,256725,2022-07-26
58.31,59.54,57.674,58.74,246851,2022-07-27
58.72,59.2701,56.815,59.13,255616,2022-07-28
59.05,59.935,58.17,59.75,166101,2022-07-29
59.73,60.66,59.375,59.54,268919,2022-08-01
59.05,61.09,59.05,60.0,228469,2022-08-02
60.65,63.015,59.61,62.93,295587,2022-08-03
63.2,65.17,62.25,63.74,435863,2022-08-04
61.75,62.12,58.61,59.86,417502,2022-08-05
59.55,60.1599,52.61,52.72,705646,2022-08-08
52.23,53.93,50.01,50.1,592025,2022-08-09
50.54,52.66,50.02,52.21,440118,2022-08-10
52.48,54.41,51.54,51.77,268234,2022-08-11
51.85,52.955,51.41,52.41,184093,2022-08-12
51.78,53.35,51.62,53.26,269517,2022-08-15
52.81,53.105,50.09,50.26,432601,2022-08-16
50.0,50.21,48.0,48.06,409252,2022-08-17
48.06,49.71,47.8582,49.52,408474,2022-08-18
48.85,49.58,48.61,49.0,403557,2022-08-19
48.03,48.73,47.26,47.7,322995,2022-08-22
47.58,47.89,46.669,46.96,289320,2022-08-23
46.8,47.56,46.5,46.96,280394,2022-08-24
47.77,48.31,47.5205,48.11,326111,2022-08-25
47.78,48.345,46.29,46.4,319877,2022-08-26
45.79,46.1449,44.6,44.79,304976,2022-08-29
45.24,45.45,43.8995,44.15,294203,2022-08-30
44.22,44.66,43.17,43.47,381156,2022-08-31
43.02,43.225,41.6442,42.09,287080,2022-09-01
42.51,42.73,41.19,41.6,255226,2022-09-02
41.54,42.655,41.1,42.37,293680,2022-09-06
41.98,42.91,41.73,42.6,468091,2022-09-07
42.0,43.61,41.62,43.41,452492,2022-09-08
43.28,44.93,43.28,44.28,418784,2022-09-09
44.23,45.15,44.2,44.82,357784,2022-09-12
43.11,43.948,43.11,43.36,482408,2022-09-13
43.11,43.69,42.6,42.8,366789,2022-09-14
42.61,43.47,40.79,41.19,238901,2022-09-15
41.04,41.92,40.703,41.84,526324,2022-09-16
41.5,41.62,40.6436,41.45,254952,2022-09-19
41.18,41.28,39.705,39.75,265042,2022-09-20
39.99,40.94,38.67,38.73,253395,2022-09-21
38.45,38.605,37.82,38.23,195241,2022-09-22
37.87,38.1799,37.335,38.04,253328,2022-09-23
38.0,38.85,37.76,38.09,243568,2022-09-26
38.33,38.95,37.62,37.92,223445,2022-09-27
38.46,39.2,38.29,38.81,196828,2022-09-28
38.12,38.79,37.75,38.78,194434,2022-09-29
38.78,39.62,38.04,38.12,194028,2022-09-30
38.21,38.845,37.62,37.78,295559,2022-10-03
38.54,39.1199,38.3574,38.73,249040,2022-10-04
38.2,38.365,36.81,38.33,317705,2022-10-05
38.36,38.74,37.6701,38.45,209027,2022-10-06
38.21,38.27,37.37,37.62,313371,2022-10-07
37.7,38.1372,36.8,37.36,270681,2022-10-10
37.22,38.1,36.435,36.76,256891,2022-10-11
36.75,37.33,36.3,36.97,204945,2022-10-12
36.5,38.08,36.26,37.53,289136,2022-10-13
37.75,38.2913,36.36,36.39,199324,2022-10-14
37.08,38.005,37.03,37.39,202900,2022-10-17
38.2,38.9,37.5,37.67,192739,2022-10-18
37.32,37.32,35.66,36.22,215082,2022-10-19
36.28,37.63,36.04,36.85,177593,2022-10-20
36.94,38.42,36.17,38.29,289213,2022-10-21
38.53,38.6,37.685,37.96,202431,2022-10-24
38.05,38.83,38.05,38.2,238259,2022-10-25
38.2,40.55,38.2,40.08,326707,2022-10-26
40.13,40.47,39.01,39.41,207136,2022-10-27
39.47,40.35,39.21,40.28,188456,2022-10-28
39.99,40.3649,39.63,39.63,214560,2022-10-31
39.99,40.49,39.5899,40.25,238188,2022-11-01
40.01,40.51,38.42,38.48,221522,2022-11-02
38.34,38.8,37.55,37.89,165009,2022-11-03
38.09,38.315,36.985,37.98,191015,2022-11-04
36.5,36.67,32.19,35.52,854576,2022-11-07
32.27,35.43,31.07,34.7,693009,2022-11-08
34.5,36.82,33.71,34.03,409039,2022-11-09
35.52,36.96,35.39,36.9,451618,2022-11-10
36.75,39.41,36.4111,39.24,367134,2022-11-11
38.73,39.31,35.85,35.92,323526,2022-11-14
36.65,38.12,36.61,37.02,217212,2022-11-15
36.8,36.8,35.515,35.96,176370,2022-11-16
35.27,36.0,34.27,35.89,233934,2022-11-17
37.24,38.05,36.65,37.05,253787,2022-11-18
36.62,37.63,36.44,36.71,246009,2022-11-21
36.71,36.94,35.32,35.99,314881,2022-11-22
36.0,37.208,36.0,36.49,197049,2022-11-23
36.49,36.99,36.02,36.89,104142,2022-11-25
36.69,37.25,35.5727,35.9,152716,2022-11-28
35.87,36.46,35.01,35.18,225221,2022-11-29
35.1,36.29,33.88,36.27,325546,2022-11-30
36.34,37.13,35.6,36.07,187518,2022-12-01
35.56,36.24,34.8101,36.21,190794,2022-12-02
35.21,36.12,35.2,35.93,157680,2022-12-05
35.87,36.41,35.51,36.09,222595,2022-12-06
35.94,37.22,35.87,37.07,196582,2022-12-07
35.67,36.05,33.07,33.7,553528,2022-12-08
33.42,35.09,33.3001,34.08,283974,2022-12-09
34.0,34.205,33.2,33.35,268599,2022-12-12
34.15,35.55,33.525,33.7,297065,2022-12-13
33.69,34.13,33.1533,33.71,246420,2022-12-14
33.12,33.28,32.24,32.44,247910,2022-12-15
32.0,32.2,30.475,31.21,1197518,2022-12-16
31.06,31.07,30.3,30.6,274058,2022-12-19
30.36,31.43,30.05,31.09,297603,2022-12-20
31.36,31.825,30.9701,31.33,291951,2022-12-21
30.87,30.87,30.02,30.76,191356,2022-12-22
30.77,31.35,30.28,30.32,185693,2022-12-23
30.27,30.27,29.0494,29.49,233897,2022-12-27
29.32,30.2569,29.0107,29.23,254863,2022-12-28
29.3,30.39,29.07,30.03,247041,2022-12-29
29.5,29.95,29.4,29.78,254135,2022-12-30
30.16,31.05,29.74,30.66,243011,2023-01-03
30.94,31.26,30.61,31.08,240044,2023-01-04
30.75,30.75,29.39,29.39,243278,2023-01-05
29.33,30.09,28.53,29.59,224315,2023-01-06
29.68,30.58,29.48,30.29,337169,2023-01-09
30.21,30.91,30.11,30.37,208890,2023-01-10
30.36,31.1,30.13,31.0,283488,2023-01-11
31.05,31.34,30.28,31.29,261972,2023-01-12
31.03,32.67,30.92,32.63,248948,2023-01-13
32.7,33.32,32.4917,33.23,223815,2023-01-17
33.44,34.63,33.06,33.14,193905,2023-01-18
32.94,32.94,31.69,31.85,145890,2023-01-19
32.27,32.72,31.745,32.63,169891,2023-01-20
32.63,34.04,32.5,33.96,180067,2023-01-23
33.72,34.1,33.1637,33.51,159324,2023-01-24
33.12,33.2,32.1725,33.03,161712,2023-01-25
33.45,33.5,32.6,33.29,118256,2023-01-26
33.19,35.125,33.15,34.76,171306,2023-01-27
34.34,34.34,32.59,33.04,171606,2023-01-30
33.15,33.88,33.03,33.78,166081,2023-01-31
33.78,35.04,33.43,34.75,177398,2023-02-01
35.21,36.66,35.21,36.27,279535,2023-02-02
35.65,37.43,35.65,36.21,366350,2023-02-03
35.39,35.8,33.89,34.0,235526,2023-02-06
33.85,34.61,33.365,34.19,143299,2023-02-07
33.96,34.75,33.16,33.21,138609,2023-02-08
33.62,33.6799,32.01,32.17,177463,2023-02-09
32.03,33.28,31.78,32.95,192425,2023-02-10
32.83,33.66,32.5438,33.25,171736,2023-02-13
32.98,33.14,32.15,33.06,110024,2023-02-14
32.8,33.99,32.7037,33.99,120575,2023-02-15
33.22,33.88,33.06,33.09,148208,2023-02-16
33.11,33.22,32.4,33.2,157797,2023-02-17
32.54,32.57,30.96,31.07,179202,2023-02-21
31.16,32.15,31.16,31.95,199734,2023-02-22
32.0,32.37,31.07,31.65,148226,2023-02-23
31.18,31.55,30.64,31.5,188576,2023-02-24
31.75,32.89,31.39,32.67,262081,2023-02-27
32.34,33.72,32.01,32.79,296722,2023-02-28
31.77,33.24,30.92,31.85,259540,2023-03-01
31.39,33.76,31.285,33.41,309397,2023-03-02
33.53,34.22,32.99,33.74,250148,2023-03-03
33.8,33.8886,30.75,31.2,346851,2023-03-06
31.09,31.55,30.59,31.16,243167,2023-03-07
31.18,31.73,30.9372,31.41,200794,2023-03-08
31.45,31.94,31.13,31.89,194436,2023-03-09
31.79,31.79,29.8157,30.55,338399,2023-03-10
30.06,32.43,29.885,32.21,275576,2023-03-13
32.09,32.83,31.2605,31.82,322861,2023-03-14
31.26,32.0,30.66,31.98,298504,2023-03-15
31.9,32.76,31.665,32.44,240665,2023-03-16
32.21,32.315,30.44,30.84,1477838,2023-03-17
31.09,31.91,30.9,31.02,220483,2023-03-20
31.33,31.97,31.15,31.77,246192,2023-03-21
31.76,32.15,30.29,30.29,180798,2023-03-22
30.48,31.385,30.0,30.15,151348,2023-03-23
29.93,31.17,29.925,31.12,174978,2023-03-24
31.37,31.8,30.84,31.39,226989,2023-03-27
31.12,31.12,29.89,29.89,272268,2023-03-28
30.36,30.59,29.485,29.8,206067,2023-03-29
30.01,30.3,29.24,29.69,180669,2023-03-30
29.82,31.34,29.82,31.22,232963,2023-03-31
31.17,31.23,30.35,30.97,171200,2023-04-03
31.05,31.145,30.4,30.88,158742,2023-04-04
30.84,31.1,30.29,30.89,108983,2023-04-05
30.89,31.07,30.36,30.98,128288,2023-04-06
30.82,31.3101,30.48,31.26,188667,2023-04-10
31.31,31.73,31.2078,31.61,155363,2023-04-11
31.92,32.0,30.44,30.45,136334,2023-04-12
30.59,31.43,30.5482,31.43,142747,2023-04-13
31.4,31.73,30.55,30.83,107521,2023-04-14
30.78,31.075,30.53,30.86,158939,2023-04-17
30.97,30.97,29.64,29.9,140910,2023-04-18
29.71,30.18,29.3007,29.99,136749,2023-04-19
29.7,30.12,29.4724,29.71,126462,2023-04-20
29.82,30.29,29.69,30.05,118707,2023-04-21
29.97,30.4,29.9042,30.01,110269,2023-04-24
29.75,29.82,28.74,28.9,145044,2023-04-25
28.87,29.44,28.59,29.1,115537,2023-04-26
29.24,29.35,28.7581,29.31,116010,2023-04-27
29.21,30.04,29.21,29.57,172311,2023-04-28
29.43,30.0,29.2701,29.9,113649,2023-05-01
29.7,29.7,28.9079,29.07,170475,2023-05-02
29.08,30.12,29.08,29.33,181858,2023-05-03
29.11,29.32,28.27,28.52,238992,2023-05-04
31.42,34.2,30.805,33.93,717751,2023-05-05
33.69,33.69,32.11,33.1,258735,2023-05-08
32.97,34.75,32.72,33.9,247289,2023-05-09
34.53,35.48,33.93,35.19,286109,2023-05-10
34.99,35.06,33.99,34.39,175998,2023-05-11
34.43,35.52,34.03,35.49,164119,2023-05-12
35.33,36.48,35.295,36.46,144572,2023-05-15
36.15,36.33,35.5,36.08,171627,2023-05-16
36.12,36.29,34.93,35.69,172114,2023-05-17
35.4,36.0,35.07,35.58,177708,2023-05-18
35.87,38.3,35.59,37.76,359027,2023-05-19
37.76,40.27,37.43,40.1,298539,2023-05-22
40.09,41.5495,39.5,40.25,257045,2023-05-23
40.0,40.33,38.615,40.27,212468,2023-05-24
40.17,40.25,38.7935,39.92,276304,2023-05-25
40.06,40.1483,38.5,39.34,323042,2023-05-26
39.5,40.16,39.11,39.49,229173,2023-05-30
39.52,40.13,38.65,39.77,458225,2023-05-31
39.74,40.97,39.13,40.7,232067,2023-06-01
41.06,41.58,39.81,40.33,336630,2023-06-02
41.7,41.7,38.88,39.07,286493,2023-06-05
39.0,40.5,38.801,39.75,199719,2023-06-06
40.01,41.23,39.76,39.93,221055,2023-06-07
39.87,39.949,39.15,39.63,135151,2023-06-08
39.56,39.63,37.92,38.04,248471,2023-06-09
38.04,39.0,37.65,38.52,199483,2023-06-12
38.77,39.34,38.235,38.52,163580,2023-06-13
38.5,38.64,37.301,37.51,207828,2023-06-14
37.12,38.23,37.12,38.21,224340,2023-06-15
38.38,38.58,37.28,37.48,461139,2023-06-16
37.34,38.23,36.86,37.08,204036,2023-06-20
36.84,37.08,36.35,36.44,159584,2023-06-21
36.39,37.4,35.8,36.9,286666,2023-06-22
36.7,37.4,36.375,37.04,301433,2023-06-23
36.89,37.75,36.85,37.16,123900,2023-06-26
37.12,37.125,36.3241,36.85,130726,2023-06-27
36.69,37.06,36.41,37.06,107891,2023-06-28
37.0,38.745,36.785,37.66,213260,2023-06-29
37.98,37.985,37.01,37.03,198034,2023-06-30
36.82,37.1,35.945,36.45,90718,2023-07-03
36.38,36.94,35.87,36.67,208556,2023-07-05
36.15,36.94,35.89,36.28,193499,2023-07-06
36.47,37.26,36.47,36.75,129591,2023-07-07
36.8,37.78,36.8,37.58,135505,2023-07-10
37.83,38.17,37.36,37.72,105954,2023-07-11
38.35,39.1,37.9572,38.98,135763,2023-07-12
39.12,39.24,38.46,39.13,138166,2023-07-13
39.12,39.2,38.28,38.76,131052,2023-07-14
38.65,39.62,38.35,39.22,150036,2023-07-17
39.25,39.77,39.02,39.55,128358,2023-07-18
39.78,40.95,39.7,40.81,174678,2023-07-19
40.8,40.8,39.94,40.23,96369,2023-07-20
40.46,40.54,39.67,40.01,145397,2023-07-21
39.88,40.338,39.28,39.97,98344,2023-07-24
39.86,40.25,39.49,39.5,98718,2023-07-25
39.5,39.96,38.8228,39.12,90452,2023-07-26
39.2,39.25,37.68,37.9,139357,2023-07-27
38.22,38.9365,38.04,38.63,90147,2023-07-28
38.63,38.9799,37.958,38.83,140091,2023-07-31
38.68,38.9,38.43,38.83,85448,2023-08-01
38.45,39.44,38.04,39.26,194905,2023-08-02
39.08,40.23,38.64,40.08,337061,2023-08-03
44.0,44.09,38.86,38.885,817007,2023-08-04
39.14,39.14,33.88,33.9,474648,2023-08-07
33.58,34.69,33.12,33.35,301063,2023-08-08
33.16,33.655,32.25,32.81,217249,2023-08-09
32.81,33.7,32.36,32.52,238366,2023-08-10
32.58,33.1984,32.41,32.65,145881,2023-08-11
32.65,33.5,32.15,33.38,229733,2023-08-14
33.39,35.07,33.35,34.07,312357,2023-08-15
33.91,34.49,33.57,34.05,221124,2023-08-16
34.15,34.83,33.55,34.31,264169,2023-08-17
34.0,34.45,33.49,33.64,242161,2023-08-18
33.64,33.935,33.0,33.51,179822,2023-08-21
33.49,34.3,33.4,33.86,194642,2023-08-22
33.8,34.64,33.64,33.95,174504,2023-08-23
33.94,33.95,33.395,33.51,273365,2023-08-24
33.53,34.075,33.44,33.65,152976,2023-08-25
33.83,34.36,33.43,33.6,164805,2023-08-28
33.48,34.31,33.3,33.82,611707,2023-08-29
33.6,33.77,33.14,33.57,349741,2023-08-30
33.55,33.97,32.76,32.76,263399,2023-08-31
32.9,33.2799,32.47,32.62,150127,2023-09-01
32.29,32.49,31.14,31.56,262313,2023-09-05
31.67,31.95,31.43,31.75,182870,2023-09-06
31.61,31.7299,31.31,31.7,219989,2023-09-07
31.6,31.81,30.64,30.78,203882,2023-09-08
30.79,31.26,30.625,30.71,166661,2023-09-11
30.44,30.7,29.92,30.0,200128,2023-09-12
30.0,30.18,29.66,29.76,148365,2023-09-13
29.85,30.1,29.66,29.76,115347,2023-09-14
29.79,29.87,29.35,29.67,450579,2023-09-15
29.56,29.56,28.8201,29.08,236599,2023-09-18
29.02,29.2099,28.51,28.52,242466,2023-09-19
28.61,28.76,27.86,27.87,175070,2023-09-20
27.58,27.91,27.3908,27.67,190146,2023-09-21
27.67,28.18,27.3,27.32,282219,2023-09-22
27.25,27.72,27.0384,27.65,191884,2023-09-25
27.49,27.62,27.1754,27.43,268802,2023-09-26
27.48,28.13,27.145,27.19,246371,2023-09-27
27.1,27.34,26.75,26.82,211322,2023-09-28
27.09,27.3,26.38,26.74,242964,2023-09-29
26.58,27.27,26.31,26.91,678594,2023-10-02
26.73,26.91,26.485,26.51,134039,2023-10-03
26.47,26.9339,26.22,26.79,160168,2023-10-04
26.76,26.91,26.3454,26.73,175239,2023-10-05
26.48,27.07,26.32,26.86,170774,2023-10-06
26.63,26.89,26.43,26.6,139055,2023-10-09
26.6,26.99,26.38,26.41,187023,2023-10-10
26.35,26.5817,25.21,25.42,243559,2023-10-11
25.4,25.4,24.32,24.49,264261,2023-10-12
24.44,25.06,24.31,24.9,217336,2023-10-13
24.89,25.2495,24.71,25.13,274174,2023-10-16
24.97,25.7406,24.97,25.06,258627,2023-10-17
24.93,25.42,24.69,25.19,178274,2023-10-18
25.12,25.85,25.04,25.45,242145,2023-10-19
25.71,26.0,25.28,25.41,342785,2023-10-20
25.27,25.88,25.23,25.3,248833,2023-10-23
25.42,25.695,25.1973,25.31,277741,2023-10-24
25.03,25.29,24.38,24.63,263219,2023-10-25
24.58,24.88,23.945,24.025,432321,2023-10-26
24.0,24.25,23.58,24.03,213490,2023-10-27
24.05,24.08,23.09,23.64,256157,2023-10-30
23.7,24.21,23.7,23.94,186654,2023-10-31
23.95,23.95,23.24,23.75,131638,2023-11-01
23.84,24.07,23.1,23.79,292243,2023-11-02
24.36,27.49,24.055,26.94,488101,2023-11-03
27.04,27.59,26.6892,27.13,301905,2023-11-06
27.0,27.23,26.39,26.5,253551,2023-11-07
26.47,27.0,26.42,26.44,198609,2023-11-08
26.44,26.82,26.01,26.09,208935,2023-11-09
26.04,26.55,25.97,26.19,256405,2023-11-10
25.86,26.6447,25.58,26.24,191156,2023-11-13
26.91,27.56,26.86,27.34,219729,2023-11-14
27.42,27.89,27.34,27.56,219566,2023-11-15
27.54,27.72,27.03,27.66,105757,2023-11-16
27.8,27.8379,26.99,27.06,161168,2023-11-17
26.9,27.955,26.8,27.62,206269,2023-11-20
27.51,27.65,27.29,27.34,123038,2023-11-21
27.51,27.93,27.34,27.48,114955,2023-11-22
27.52,28.0916,27.52,27.93,88109,2023-11-24
27.69,27.83,27.37,27.61,128477,2023-11-27
27.48,27.67,27.24,27.55,155619,2023-11-28
27.55,28.2,27.446,27.63,193730,2023-11-29
27.64,28.045,27.4987,27.58,164044,2023-11-30
27.45,27.8652,27.06,27.47,124277,2023-12-01
27.39,27.8,27.25,27.47,160445,2023-12-04
27.26,27.28,25.91,25.95,255847,2023-12-05
25.98,27.0,25.98,26.52,172056,2023-12-06
26.27,26.97,25.9,26.6,302730,2023-12-07
26.46,27.25,26.46,27.08,186074,2023-12-08
27.08,27.08,26.22,26.39,179786,2023-12-11
26.54,27.22,26.05,27.03,306366,2023-12-12
26.93,28.62,26.93,28.59,362347,2023-12-13
29.0,29.87,28.19,28.35,266604,2023-12-14
28.74,28.74,27.83,28.18,562477,2023-12-15
28.09,28.09,27.0,27.09,163949,2023-12-18
27.11,29.03,27.11,28.98,435961,2023-12-19
28.7,30.38,28.51,28.63,353807,2023-12-20
28.99,29.99,28.6567,29.81,160017,2023-12-21
29.86,30.68,29.66,30.23,155601,2023-12-22
30.14,30.6,30.0,30.27,208321,2023-12-26
30.41,30.5,29.88,30.15,134642,2023-12-27
29.86,30.05,29.6801,29.8,127942,2023-12-28
29.7,29.91,28.78,28.91,180025,2023-12-29
28.62,29.91,28.51,29.29,123199,2024-01-02
29.09,29.09,28.29,28.49,138937,2024-01-03
28.42,28.86,28.2001,28.69,156053,2024-01-04
28.46,28.63,27.935,28.18,101478,2024-01-05
27.93,29.26,27.7477,29.26,165358,2024-01-08
28.86,29.2995,28.54,28.6,123870,2024-01-09
28.49,28.92,28.09,28.79,105627,2024-01-10
28.55,28.55,27.76,28.09,115605,2024-01-11
28.19,28.76,27.76,27.97,82824,2024-01-12
27.56,27.56,26.42,26.46,174834,2024-01-16
25.96,26.54,25.68,26.12,209112,2024-01-17
26.26,26.68,25.94,26.12,225339,2024-01-18
26.11,26.28,25.56,26.18,150378,2024-01-19
26.29,26.91,26.17,26.45,145297,2024-01-22
26.68,26.74,25.96,26.28,118208,2024-01-23
26.51,26.51,25.565,25.76,162071,2024-01-24
25.84,26.16,25.635,25.96,133285,2024-01-25
26.31,26.51,25.48,25.6,116478,2024-01-26
25.71,26.24,25.41,26.24,117242,2024-01-29
26.05,26.05,25.0,25.0,110341,2024-01-30
24.95,25.28,24.46,24.59,184581,2024-01-31
24.65,25.04,24.1,24.99,227971,2024-02-01
24.71,24.94,24.42,24.65,181471,2024-02-02
24.35,24.73,24.08,24.54,268310,2024-02-05
24.52,25.88,24.3,25.69,224281,2024-02-06
25.6,25.6,24.79,25.22,163092,2024-02-07
25.02,25.4,24.9667,25.27,126118,2024-02-08
25.25,25.6,24.9,25.35,219426,2024-02-09
25.18,26.21,25.18,26.17,169488,2024-02-12
25.51,25.51,24.64,24.91,206022,2024-02-13
25.17,26.08,24.97,26.06,126490,2024-02-14
26.2,26.365,25.4,25.68,161279,2024-02-15
25.62,25.71,25.19,25.4,105420,2024-02-16
25.07,25.24,24.74,24.82,123660,2024-02-20
24.58,24.72,24.03,24.48,297835,2024-02-21
24.53,24.53,23.85,24.28,304553,2024-02-22
24.16,24.17,23.645,24.06,206048,2024-02-23
23.93,24.36,23.88,24.26,260621,2024-02-26
24.41,25.5,24.3,25.48,636359,2024-02-27
25.48,25.48,22.7,23.405,875551,2024-02-28
23.39,24.215,22.5,22.56,637059,2024-02-29
22.62,23.49,22.59,23.24,413173,2024-03-01
23.27,23.77,22.71,23.74,273908,2024-03-04
23.57,23.88,23.15,23.22,256668,2024-03-05
23.22,23.39,22.8889,23.35,212070,2024-03-06
23.48,23.7877,23.42,23.63,154422,2024-03-07
23.72,24.165,22.83,22.91,233927,2024-03-08
22.83,23.56,22.8,23.26,151212,2024-03-11
23.19,23.19,22.685,22.76,198970,2024-03-12
22.69,23.0891,22.61,23.05,319038,2024-03-13
22.93,22.93,22.053,22.2,405283,2024-03-14
22.12,22.444,21.91,22.09,357562,2024-03-15
22.02,22.06,21.65,21.73,158859,2024-03-18
21.56,21.85,21.31,21.77,166850,2024-03-19
21.65,22.1,21.37,21.98,150288,2024-03-20
22.01,22.14,21.54,21.55,210085,2024-03-21
21.54,21.89,21.23,21.81,189299,2024-03-22
21.79,22.16,21.77,22.14,128758,2024-03-25
22.23,22.23,21.605,21.63,150886,2024-03-26
21.71,21.99,21.63,21.69,173742,2024-03-27
21.71,22.16,21.67,21.7,154146,2024-03-28
21.7,21.89,21.2,21.82,157369,2024-04-01
21.47,21.47,21.145,21.27,166221,2024-04-02
21.06,21.24,20.69,21.15,169124,2024-04-03
21.3,21.76,21.01,21.21,172703,2024-04-04
20.98,21.45,20.91,21.28,144731,2024-04-05
21.25,21.44,21.0,21.25,116298,2024-04-08
21.35,21.89,21.35,21.87,102730,2024-04-09
21.28,21.41,20.9532,21.16,147543,2024-04-10
21.28,21.28,20.66,21.07,168156,2024-04-11
21.01,21.07,20.62,20.78,151742,2024-04-12
20.73,20.8,20.5102,20.75,190824,2024-04-15
20.62,20.96,20.35,20.72,157558,2024-04-16
20.81,20.88,20.07,20.09,221621,2024-04-17
20.0,20.455,19.88,20.11,219603,2024-04-18
20.01,20.37,20.01,20.36,156226,2024-04-19
20.35,20.79,20.255,20.56,158429,2024-04-22
20.51,21.05,20.51,20.64,144249,2024-04-23
20.51,20.77,20.4,20.74,152597,2024-04-24
20.65,20.753,19.97,20.03,184148,2024-04-25
20.03,20.32,20.0,20.1,77988,2024-04-26
20.19,21.19,20.19,20.58,160662,2024-04-29
20.47,20.53,20.03,20.35,308909,2024-04-30
20.34,21.14,20.1,20.7,136518,2024-05-01
20.96,21.319,20.61,21.24,164028,2024-05-02
20.5,21.6,20.5,21.5,355667,2024-05-03
21.71,22.68,21.475,21.49,200866,2024-05-06
21.43,21.78,21.23,21.32,201185,2024-05-07
21.25,21.4515,20.95,21.27,146676,2024-05-08
21.3,21.8,21.0704,21.79,194179,2024-05-09
21.66,21.94,21.5402,21.75,206388,2024-05-10
21.98,22.54,21.98,22.19,152141,2024-05-13
22.48,22.91,22.17,22.32,123569,2024-05-14
22.54,22.77,22.35,22.57,132165,2024-05-15
22.46,22.71,22.16,22.5,132990,2024-05-16
22.51,22.59,21.99,22.11,93350,2024-05-17
22.0,22.2,21.74,21.74,144538,2024-05-20
21.64,21.71,21.32,21.42,98662,2024-05-21
21.36,21.54,21.1704,21.35,118383,2024-05-22
21.39,21.39,20.97,21.14,120876,2024-05-23
21.28,21.39,20.9511,21.39,109534,2024-05-24
21.45,21.67,21.1038,21.62,108682,2024-05-28
21.25,21.25,20.8,20.85,135375,2024-05-29
20.95,21.445,20.8799,21.35,154025,2024-05-30
21.36,21.65,20.6,20.65,175532,2024-05-31
20.82,21.09,20.42,20.87,187064,2024-06-03
20.68,20.83,20.49,20.77,128065,2024-06-04
20.83,21.18,20.635,21.12,81265,2024-06-05
20.98,21.0318,20.62,20.73,101276,2024-06-06
20.5,20.69,20.26,20.3,106072,2024-06-07
20.1,20.38,19.8,20.37,166320,2024-06-10
20.16,20.18,19.63,19.82,109959,2024-06-11
20.27,20.5,19.77,19.87,98438,2024-06-12
19.79,19.79,19.31,19.39,140631,2024-06-13
19.27,19.28,18.91,19.09,134736,2024-06-14
18.92,19.81,18.92,19.52,212785,2024-06-17
19.46,19.82,19.2023,19.78,168737,2024-06-18
19.68,20.08,19.53,20.05,126943,2024-06-20
20.06,20.3,19.835,20.27,451609,2024-06-21
20.37,20.72,20.245,20.66,150773,2024-06-24
20.67,20.6799,20.01,20.39,153714,2024-06-25
20.27,20.63,20.1319,20.36,194444,2024-06-26
20.36,20.43,19.935,20.1,197953,2024-06-27
20.16,20.2,19.26,19.62,414372,2024-06-28
19.66,20.22,19.54,20.04,204289,2024-07-01
19.97,20.22,19.7085,19.98,134760,2024-07-02
20.0,20.27,19.85,19.93,57959,2024-07-03
19.83,19.88,19.52,19.62,108737,2024-07-05
19.71,20.22,19.5461,20.18,148785,2024-07-08
20.1,20.15,19.7173,20.01,140889,2024-07-09
20.1,20.24,19.52,19.6,148534,2024-07-10
20.01,20.95,20.01,20.66,182538,2024-07-11
20.97,21.35,20.63,20.95,133852,2024-07-12
20.96,21.68,20.7,21.26,184050,2024-07-15
21.42,22.2,21.42,21.87,429026,2024-07-16
21.67,23.73,21.67,23.31,875848,2024-07-17
23.09,23.25,21.88,22.02,261260,2024-07-18
22.13,22.54,21.46,21.82,194076,2024-07-19
21.86,22.53,21.56,22.34,142471,2024-07-22
22.18,22.705,22.18,22.39,163747,2024-07-23
22.25,22.98,22.02,22.77,147023,2024-07-24
22.89,23.48,22.82,22.99,119530,2024-07-25
23.32,23.66,22.98,23.66,144961,2024-07-26
23.64,23.86,22.87,22.97,136243,2024-07-29
22.98,24.09,22.62,23.95,161946,2024-07-30
24.0,24.46,23.6,23.93,165618,2024-07-31
23.71,24.39,23.45,23.57,247704,2024-08-01
22.3,25.11,21.2,25.06,418331,2024-08-02
23.53,24.46,23.196,23.67,332880,2024-08-05
23.67,24.42,23.31,24.28,226017,2024-08-06
24.41,25.0,23.48,23.51,248902,2024-08-07
23.59,24.54,23.375,24.54,186782,2024-08-08
24.59,24.6071,23.375,23.92,165697,2024-08-09
23.75,24.1,23.43,23.84,159046,2024-08-12
23.89,24.32,23.54,24.01,225710,2024-08-13
24.0,24.0,23.1001,23.16,153881,2024-08-14
23.51,23.7597,23.235,23.51,95244,2024-08-15
23.43,23.62,23.29,23.48,83612,2024-08-16
23.35,23.835,23.19,23.8,139439,2024-08-19
23.76,23.79,23.33,23.37,82966,2024-08-20
23.52,23.82,23.265,23.49,101640,2024-08-21
23.53,23.53,22.8634,23.05,75891,2024-08-22
23.18,23.97,23.105,23.8,146783,2024-08-23
23.88,23.9868,23.27,23.29,114738,2024-08-26
23.24,23.24,22.7001,22.87,80209,2024-08-27
22.81,23.02,22.65,22.85,85429,2024-08-28
23.07,23.205,22.66,23.12,97629,2024-08-29
23.1,23.1,22.16,22.56,135019,2024-08-30
22.35,22.55,21.815,21.84,136172,2024-09-03
21.76,22.11,21.47,21.47,122441,2024-09-04
21.56,21.9,21.21,21.9,124497,2024-09-05
21.84,21.89,21.28,21.41,73489,2024-09-06
21.38,21.56,21.17,21.19,117416,2024-09-09
21.17,21.615,20.89,21.6,136651,2024-09-10
21.48,21.89,21.045,21.75,117990,2024-09-11
21.82,22.455,21.51,22.01,129174,2024-09-12
22.21,22.58,22.04,22.35,120914,2024-09-13
22.48,22.545,22.04,22.1,100876,2024-09-16
22.29,23.35,22.12,22.75,153308,2024-09-17
22.76,23.56,22.493,22.91,112096,2024-09-18
23.32,23.47,22.79,22.89,102789,2024-09-19
22.72,22.81,21.87,21.98,475551,2024-09-20
22.05,22.4157,21.68,21.68,107549,2024-09-23
21.72,21.8339,21.4,21.41,95663,2024-09-24
21.33,21.33,20.68,20.92,168962,2024-09-25
21.03,21.4053,20.8678,20.91,110783,2024-09-26
21.06,21.66,20.9977,21.16,106926,2024-09-27
21.16,21.73,21.08,21.73,151922,2024-09-30
21.63,21.63,20.916,21.07,76281,2024-10-01
20.98,21.225,20.6,21.13,79546,2024-10-02
20.87,20.94,20.53,20.55,89868,2024-10-03
20.82,20.99,20.55,20.89,170170,2024-10-04
20.72,20.9,20.329,20.47,139611,2024-10-07
20.39,20.795,20.07,20.53,140814,2024-10-08
20.45,20.51,19.86,19.88,152031,2024-10-09
19.75,20.14,19.45,19.99,147251,2024-10-10
20.05,20.2413,19.78,19.84,91569,2024-10-11
19.8,20.35,19.73,20.35,144009,2024-10-14
20.28,20.68,20.11,20.26,150174,2024-10-15
20.32,20.47,19.97,20.1,107481,2024-10-16
20.03,20.0525,19.63,19.66,99350,2024-10-17
19.76,19.84,19.6,19.76,145671,2024-10-18
19.66,19.75,19.16,19.33,214978,2024-10-21
19.26,19.73,19.1,19.6,122105,2024-10-22
19.45,19.595,19.0,19.18,135970,2024-10-23
19.21,19.35,18.76,19.15,176450,2024-10-24
19.22,19.61,19.115,19.42,145770,2024-10-25
19.51,20.06,19.39,19.92,202269,2024-10-28
19.86,20.26,19.76,20.03,106418,2024-10-29
19.84,20.49,19.76,20.27,128100,2024-10-30
21.0,21.89,20.445,21.45,298836,2024-10-31
21.47,21.78,21.09,21.61,189962,2024-11-01
21.6,22.032,21.07,21.56,193128,2024-11-04
21.37,22.16,21.262,22.03,224454,2024-11-05
22.26,22.87,21.93,22.68,274560,2024-11-06
22.58,22.8,21.99,22.02,244416,2024-11-07
21.85,21.85,18.96,19.43,539323,2024-11-08
19.84,21.145,19.61,20.04,269166,2024-11-11
19.89,20.1,19.11,19.16,275204,2024-11-12
19.14,19.56,18.38,18.42,334526,2024-11-13
18.42,18.6,17.65,17.79,294620,2024-11-14
17.9,18.61,17.31,17.31,385610,2024-11-15
17.35,17.375,16.61,16.71,302133,2024-11-18
16.7,17.4,16.56,17.0,267548,2024-11-19
17.0,17.53,16.81,17.28,248778,2024-11-20
17.31,17.71,16.92,16.95,260232,2024-11-21
17.1,17.9499,17.06,17.87,422873,2024-11-22
18.06,18.89,18.06,18.33,301581,2024-11-25
18.17,18.17,17.63,17.89,187600,2024-11-26
18.03,18.63,18.02,18.07,155162,2024-11-27
18.11,18.315,18.05,18.3,98316,2024-11-29
18.3,19.62,18.19,19.57,376901,2024-12-02
19.45,19.896,19.09,19.55,326968,2024-12-03
19.56,20.88,19.46,20.2,404484,2024-12-04
20.18,20.35,19.5159,19.7,319242,2024-12-05
20.04,20.545,19.59,20.09,287469,2024-12-06
20.2,21.36,20.2,20.97,412836,2024-12-09
20.97,20.99,19.92,20.23,189150,2024-12-10
20.28,20.55,19.83,20.13,160679,2024-12-11
19.99,20.47,19.86,20.24,221163,2024-12-12
20.12,20.22,19.3,19.58,219579,2024-12-13
19.49,20.14,19.25,19.66,250023,2024-12-16
19.5,19.815,19.36,19.44,232027,2024-12-17
19.61,19.75,18.66,18.74,263010,2024-12-18
18.88,19.26,18.66,18.75,291752,2024-12-19
18.56,19.15,18.32,18.34,839154,2024-12-20
18.31,18.67,18.11,18.59,252016,2024-12-23
18.6,18.88,18.3,18.51,213130,2024-12-24
18.44,18.87,18.35,18.68,252753,2024-12-26
18.63,18.77,18.2237,18.37,233699,2024-12-27
18.25,18.64,17.77,18.42,365440,2024-12-30
18.53,18.85,18.3527,18.47,178925,2024-12-31
18.63,18.9686,18.31,18.42,227429,2025-01-02
18.44,18.83,18.265,18.76,144017,2025-01-03
18.82,19.275,18.72,18.78,162677,2025-01-06
18.81,19.2403,18.6101,18.95,142168,2025-01-07
18.77,18.95,18.37,18.85,152515,2025-01-08
18.49,18.56,18.04,18.31,188589,2025-01-10
18.14,18.5,17.75,17.94,216159,2025-01-13
18.04,18.04,16.875,17.13,330134,2025-01-14
17.18,17.68,16.9,16.91,239763,2025-01-15
16.83,17.59,16.76,17.5,300021,2025-01-16
17.68,17.83,16.985,17.1,172719,2025-01-17
17.18,17.66,17.18,17.63,267051,2025-01-21
17.56,17.72,16.94,16.96,257222,2025-01-22
16.87,16.95,16.36,16.95,357136,2025-01-23
16.92,17.37,16.6,17.21,175234,2025-01-24
17.24,17.59,16.62,17.41,281329,2025-01-27
17.36,17.86,17.164,17.18,337639,2025-01-28
17.16,17.205,16.68,16.85,237598,2025-01-29
16.89,17.27,16.89,17.0,156762,2025-01-30
16.95,17.035,16.55,16.64,170224,2025-01-31
16.32,16.57,16.07,16.33,245100,2025-02-03
16.31,16.55,16.14,16.38,287851,2025-02-04
16.38,17.0,16.37,16.84,283609,2025-02-05
16.84,16.98,16.39,16.57,207450,2025-02-06
16.6,16.73,16.0,16.14,259721,2025-02-07
16.25,16.48,16.04,16.16,257651,2025-02-10
16.01,16.39,15.99,16.27,262052,2025-02-11
16.1,16.3,15.995,16.22,229752,2025-02-12
16.41,17.02,16.28,16.86,266882,2025-02-13
17.02,17.2,16.85,16.9,174996,2025-02-14
16.97,17.1,16.47,16.88,232588,2025-02-18
16.89,17.39,16.815,17.35,220532,2025-02-19
17.3,17.38,16.63,16.63,196301,2025-02-20
16.79,16.79,16.3,16.46,211362,2025-02-21
16.52,16.99,16.43,16.75,237925,2025-02-24
16.71,16.71,16.02,16.29,277212,2025-02-25
16.25,16.61,16.0,16.24,265555,2025-02-26
16.11,16.505,15.69,15.69,353055,2025-02-27
15.96,17.3,15.21,15.45,587091,2025-02-28
15.5,15.69,14.76,15.28,568179,2025-03-03
15.07,15.56,14.57,15.52,411854,2025-03-04
15.52,16.7599,15.315,16.65,603946,2025-03-05
17.36,18.53,17.2801,17.9,902830,2025-03-06
17.81,19.3499,17.63,18.59,813763,2025-03-07
18.51,18.96,16.773,16.88,872042,2025-03-10
16.88,17.64,16.66,17.45,767495,2025-03-11
17.53,17.665,16.97,17.48,605822,2025-03-12
17.48,17.49,16.75,16.98,569817,2025-03-13
17.15,17.58,16.92,17.24,440192,2025-03-14
17.24,17.58,16.97,17.37,427259,2025-03-17
17.33,17.5,16.77,17.13,463767,2025-03-18
17.04,17.14,16.63,16.87,514434,2025-03-19
16.87,17.33,16.8,16.89,409610,2025-03-20
16.68,17.14,16.68,17.09,4511528,2025-03-21
17.22,17.36,16.85,16.96,613767,2025-03-24
16.92,17.3,16.85,17.05,528690,2025-03-25
17.1,17.28,16.8509,16.9,348089,2025-03-26
16.99,17.06,16.82,16.85,355637,2025-03-27
16.83,17.2,16.51,17.05,526522,2025-03-28
16.9,17.19,16.565,16.9,306468,2025-03-31
16.86,17.505,16.59,17.31,527733,2025-04-01
17.14,17.64,17.1,17.62,396153,2025-04-02
17.09,17.55,16.92,17.0,314434,2025-04-03
16.59,17.36,16.59,16.86,419851,2025-04-04
16.31,17.655,16.25,17.1,451863,2025-04-07
17.54,17.69,16.92,17.05,557707,2025-04-08
16.8,18.275,16.71,17.66,643042,2025-04-09
17.55,17.62,17.16,17.33,378391,2025-04-10
17.38,19.03,17.19,19.0,415972,2025-04-11
19.2,19.405,18.7155,18.95,348398,2025-04-14
18.94,19.12,18.65,19.08,266913,2025-04-15
19.07,19.115,18.3,18.32,220573,2025-04-16
18.1,18.1,17.48,17.86,269412,2025-04-17
17.85,18.065,17.6327,17.92,214111,2025-04-21
18.09,18.59,18.07,18.46,303503,2025-04-22
18.63,19.32,18.63,18.9,464670,2025-04-23
18.96,19.16,18.7044,19.04,171855,2025-04-24
18.95,19.13,18.68,18.88,203279,2025-04-25
19.04,19.0553,18.52,18.53,322832,2025-04-28
18.58,18.705,18.01,18.13,417037,2025-04-29
18.04,18.04,17.32,17.35,582877,2025-04-30
17.38,17.5,17.02,17.25,544434,2025-05-01
18.2,20.94,17.925,20.54,851767,2025-05-02
19.86,20.4304,19.25,19.56,658856,2025-05-05
19.65,19.65,18.62,18.82,362008,2025-05-06
18.86,19.06,18.415,18.65,333267,2025-05-07
18.72,18.99,18.51,18.56,410150,2025-05-08
18.56,19.72,18.56,19.7,369131,2025-05-09
20.08,20.4,19.72,20.12,406026,2025-05-12
20.29,20.5499,19.81,20.29,450339,2025-05-13
20.36,20.55,19.425,19.66,304647,2025-05-14
19.65,20.135,19.33,20.04,230005,2025-05-15
20.01,20.48,19.9611,20.35,312547,2025-05-16
20.02,21.33,19.9,21.22,425645,2025-05-19
21.28,21.42,20.885,21.22,224988,2025-05-20
21.02,21.16,20.0258,20.285,289740,2025-05-21
20.17,20.71,20.035,20.52,288733,2025-05-22
20.31,20.61,20.04,20.31,213206,2025-05-23
20.55,20.83,19.92,20.19,337503,2025-05-27
20.21,20.58,19.8,20.55,210176,2025-05-28
20.72,21.0,20.214,20.61,298531,2025-05-29
20.41,20.84,20.24,20.72,368147,2025-05-30
20.72,20.77,20.0,20.67,280278,2025-06-02
20.77,21.39,20.57,21.17,303067,2025-06-03
21.3,21.87,21.0701,21.29,314664,2025-06-04
21.28,21.34,20.765,20.82,222685,2025-06-05
21.02,21.56,20.96,21.43,294628,2025-06-06
21.61,22.0,21.455,21.81,263944,2025-06-09
21.73,22.11,21.53,21.785,207737,2025-06-10
21.95,22.115,21.54,21.72,250549,2025-06-11
21.61,21.6992,20.94,20.99,145999,2025-06-12
20.53,20.98,20.3,20.69,197962,2025-06-13
20.88,21.07,20.53,20.94,180986,2025-06-16
20.83,20.89,20.25,20.26,171005,2025-06-17
20.23,20.805,20.05,20.3,167386,2025-06-18
20.54,20.55,19.5,19.53,408832,2025-06-20
19.3,19.4501,19.01,19.33,251740,2025-06-23
19.51,19.67,19.26,19.52,144903,2025-06-24
19.49,19.66,19.22,19.57,162222,2025-06-25
19.57,19.82,19.43,19.6,173759,2025-06-26
19.41,20.0,19.41,19.68,362419,2025-06-27
19.72,20.3491,19.575,19.88,195019,2025-06-30
19.86,20.37,19.75,19.91,211894,2025-07-01
19.94,20.19,19.68,20.1,229539,2025-07-02
20.1,20.24,19.975,20.06,87746,2025-07-03
19.9,19.91,19.1701,19.29,303992,2025-07-07
19.47,19.69,19.21,19.52,183363,2025-07-08
19.61,19.6599,19.1757,19.58,153208,2025-07-09
19.57,19.96,19.38,19.55,219948,2025-07-10
19.43,19.52,19.17,19.27,203031,2025-07-11
19.2,19.3,18.82,19.12,216851,2025-07-14
19.14,19.15,18.05,18.07,324070,2025-07-15
18.1,18.4569,17.8,18.04,335424,2025-07-16
18.07,18.5599,17.9,18.13,247171,2025-07-17
18.26,18.26,17.66,17.78,274680,2025-07-18
17.87,18.035,17.5,17.75,223866,2025-07-21
17.84,18.67,17.835,18.63,278020,2025-07-22
18.77,19.24,18.41,18.88,383949,2025-07-23
18.77,19.0738,18.38,18.41,248731,2025-07-24
18.37,18.6,18.11,18.37,287474,2025-07-25
18.34,18.35,17.87,18.02,248414,2025-07-28
17.9,18.13,17.495,17.57,376096,2025-07-29
17.55,17.955,17.385,17.49,263332,2025-07-30
17.34,17.52,16.98,17.18,442240,2025-07-31
19.25,19.51,18.32,18.53,1079760,2025-08-01
18.56,18.56,17.53,18.36,529467,2025-08-04
19.55,21.225,19.4154,20.78,1028304,2025-08-05
20.65,20.86,20.095,20.67,292806,2025-08-06
20.81,20.825,19.585,20.405,311484,2025-08-07
20.55,20.56,20.01,20.36,224352,2025-08-08
20.42,20.68,20.26,20.61,226564,2025-08-11
20.68,21.2992,20.48,21.01,235263,2025-08-12
21.14,21.93,21.09,21.77,248057,2025-08-13
21.39,21.855,21.33,21.74,194508,2025-08-14
21.98,21.98,21.135,21.26,256906,2025-08-15
21.2,21.65,20.7101,21.52,146293,2025-08-18
21.57,21.74,21.3111,21.57,127789,2025-08-19
21.47,21.55,21.1101,21.38,122675,2025-08-20
21.19,21.575,21.09,21.395,211699,2025-08-21
21.6,22.08,21.46,21.77,190521,2025-08-22
21.62,21.745,21.45,21.53,130129,2025-08-25
21.42,21.77,21.31,21.47,255958,2025-08-26
21.35,21.665,21.27,21.64,142418,2025-08-27
21.5,22.05,21.34,22.03,180470,2025-08-28
22.09,22.33,21.83,22.17,348546,2025-08-29
22.02,22.61,21.88,22.31,284348,2025-09-02
22.08,22.3337,21.77,22.02,315985,2025-09-03
21.9,22.01,21.47,21.98,174445,2025-09-04
22.0,22.26,21.71,21.95,179874,2025-09-05
22.08,22.32,21.92,22.27,166995,2025-09-08
22.24,22.35,22.07,22.32,181372,2025-09-09
22.35,22.3699,21.5,21.78,182470,2025-09-10
21.73,22.35,21.73,22.25,308114,2025-09-11
22.23,22.275,21.72,21.88,178433,2025-09-12
21.82,22.07,21.49,21.98,175449,2025-09-15
21.92,22.095,21.63,21.94,237239,2025-09-16
21.94,22.3,21.61,22.03,207332,2025-09-17
22.1,22.57,22.0701,22.49,178638,2025-09-18
22.55,22.71,22.23,22.32,414085,2025-09-19
22.23,22.55,22.14,22.26,209878,2025-09-22
22.33,22.57,21.87,21.94,364213,2025-09-23
21.93,22.1101,21.35,22.1,326218,2025-09-24
22.04,22.4,21.75,22.03,207282,2025-09-25
22.05,22.68,21.8866,22.59,261805,2025-09-26
22.78,22.9,22.24,22.3,185958,2025-09-29
22.23,22.64,22.05,22.6,167574,2025-09-30
22.52,23.565,22.47,23.5,310901,2025-10-01
23.51,23.55,22.66,22.9,257394,2025-10-02
22.92,23.255,22.63,22.78,159530,2025-10-03
22.8,23.235,22.53,23.01,170799,2025-10-06
23.0,23.3,22.55,22.63,225859,2025-10-07
22.84,22.95,22.66,22.83,154305,2025-10-08
22.89,23.09,22.57,22.69,115983,2025-10-09
22.74,22.88,22.0857,22.51,185022,2025-10-10
22.63,22.865,22.36,22.49,191608,2025-10-13
22.46,22.675,22.26,22.39,150881,2025-10-14
22.55,22.795,22.38,22.76,163409,2025-10-15
22.93,23.45,22.685,22.8,165594,2025-10-16
22.68,22.94,22.49,22.68,192364,2025-10-17
22.87,24.2999,22.87,23.84,306596,2025-10-20
23.98,24.64,23.69,23.97,302685,2025-10-21
23.97,24.17,23.29,23.5,234197,2025-10-22
23.51,23.76,23.15,23.62,129111,2025-10-23
23.62,23.86,23.4637,23.74,129324,2025-10-24
23.63,23.7,23.14,23.31,198120,2025-10-27
23.44,23.54,22.94,23.43,196846,2025-10-28
23.31,23.435,22.505,22.73,187922,2025-10-29
22.83,23.05,22.46,22.58,226130,2025-10-30
22.51,22.7499,22.06,22.45,263434,2025-10-31
22.46,23.12,22.06,23.11,304518,2025-11-03
22.94,23.1,22.6307,22.88,193808,2025-11-04
22.8,23.1453,22.59,22.78,158669,2025-11-05
22.66,22.8913,22.12,22.31,344876,2025-11-06
24.04,27.36,23.68,26.36,812895,2025-11-07
26.84,28.16,26.6248,27.16,733000,2025-11-10
27.47,28.81,27.17,28.38,529643,2025-11-11
28.38,29.47,28.38,29.08,625979,2025-11-12
29.8,30.59,29.0,29.59,938019,2025-11-13
29.54,29.8,28.41,29.1,440053,2025-11-14
28.96,29.3,28.489,28.81,308613,2025-11-17
28.95,29.48,28.81,29.1,263136,2025-11-18
29.13,29.48,28.2901,29.0,358347,2025-11-19
29.17,30.0,28.72,28.78,354328,2025-11-20
